5,optparse
8,active_support
1,action_pack
5,i18n
13,active_model
1,rack
37,action_dispatch
2,logger
2,psych.so
41,psych
2,yaml
1,base64
146,rails
1,bigdecimal
79,arel
110,active_record
47,abstract_controller
4,erb
11,action_view
69,action_controller
11,action_mailer
3,active_resource
3,pg_ext
7,pg
156,haml
158,haml-rails
18,jquery-rails
2,jquery-ui-rails
140,sass
2,sass-rails
151,bootstrap-sass
2,bootbox-rails
1,select2-rails
1,ostruct
17,json
3,orm_adapter
6,warden
47,journey
2,delegate
2,tmpdir
13,tempfile
187,devise
2,multi_json
84,simple_form
12,erubis
1,singleton
145,responders
152,inherited_resources
1,subexec
1,shellwords
17,mini_magick
1,carrierwave
171,acts-as-taggable-on
28,pg_search
23,whenever
3,acts_as_list
2,default_value_for
1,zentest_mapping
9,inline
26,fuzzystringmatch
45,state_machine
2,figaro
327,backports
1,descendants_tracker
350,virtus
2,request_store
52,draper
5,naught
5,open-uri
61,css_parser
5,htmlentities
90,premailer
114,nokogiri
97,load_parsers
252,mail
42,delayed_job
13,delayed_job_active_record
55,tilt
83,delayed_job_web
8,builder
32,airbrake
37,delayed-plugins-airbrake
43,daemons
8,analytical
49,metric_parser
54,conditional_vendored_metric_parser
2,dependency_detection
7,conditional_vendored_dependency_detection
211,newrelic_rpm
44,intercom-rails
10,intercom
3,ace-rails-ap
1,active_utils
101,active_merchant
107,activemerchant
3,encryptor
10,attr_encryptor
48,iso4217
124,iso3166
2,country_select
5,biggs
5,charlock_holmes
1,currency_data
7,easy_money
6,oj
19,rabl
27,apipie-rails
57,strong_parameters
1,weakref
3,ref
73,v8
93,execjs
98,coffee_script
102,coffee-script
115,coffee-rails
1,uglifier
24,chunky_png
170,compass
181,compass-rails
106,webrick
1,abbrev
70,highline
281,capistrano
2,parallel
7,parallel_tests
3,sextant
2,prettyprint
8,pp
2,coderay
4,ipaddr
1,debug_inspector.so
5,debug_inspector
11,binding_of_caller
57,better_errors
1,quiet_assets
1,meta_request
48,method_source
5,slop
3,readline
1,ruby_debug.so
1,tracelines19
8,linecache19
18,ruby-debug-base
2,columnize
2,e2mmap
84,irb
199,ruby-debug
205,debugger
442,pry
450,pry-rails
3,pry-debugger
7,coolline
80,pry-coolline
3,pry-stack_explorer
0,rspec-rails
1,find
15,listen
1,terminal-notifier-guard
18,launchy
27,letter_opener
1,English
7,hodel_3000_compliant_logger
69,oink
34,chronic
1,flux_capacitor
44,delorean
6,sprockets
76,tzinfo
1,hike
2,callsite
1,rdoc
1,bcrypt_ext
12,bcrypt
13,csv
5,optparse
9,active_support
1,action_pack
4,i18n
11,active_model
1,rack
34,action_dispatch
2,logger
2,psych.so
39,psych
2,yaml
1,base64
139,rails
2,bigdecimal
75,arel
110,active_record
43,abstract_controller
4,erb
12,action_view
70,action_controller
9,action_mailer
3,active_resource
3,pg_ext
7,pg
165,haml
168,haml-rails
18,jquery-rails
2,jquery-ui-rails
156,sass
2,sass-rails
166,bootstrap-sass
2,bootbox-rails
1,select2-rails
1,ostruct
18,json
3,orm_adapter
6,warden
62,journey
2,delegate
2,tmpdir
11,tempfile
208,devise
2,multi_json
92,simple_form
21,erubis
2,singleton
164,responders
171,inherited_resources
1,subexec
1,shellwords
16,mini_magick
1,carrierwave
207,acts-as-taggable-on
28,pg_search
33,whenever
3,acts_as_list
2,default_value_for
1,zentest_mapping
11,inline
28,fuzzystringmatch
48,state_machine
2,figaro
393,backports
1,descendants_tracker
422,virtus
2,request_store
53,draper
6,naught
5,open-uri
61,css_parser
6,htmlentities
88,premailer
119,nokogiri
102,load_parsers
273,mail
45,delayed_job
15,delayed_job_active_record
58,tilt
90,delayed_job_web
8,builder
30,airbrake
34,delayed-plugins-airbrake
46,daemons
8,analytical
50,metric_parser
54,conditional_vendored_metric_parser
3,dependency_detection
6,conditional_vendored_dependency_detection
222,newrelic_rpm
47,intercom-rails
8,intercom
5,ace-rails-ap
1,active_utils
102,active_merchant
107,activemerchant
3,encryptor
10,attr_encryptor
48,iso4217
126,iso3166
2,country_select
6,biggs
6,charlock_holmes
1,currency_data
8,easy_money
7,oj
21,rabl
25,apipie-rails
54,strong_parameters
1,weakref
6,ref
90,v8
108,execjs
115,coffee_script
120,coffee-script
142,coffee-rails
1,uglifier
33,chunky_png
229,compass
242,compass-rails
10114,webrick
1,abbrev
73,highline
301,capistrano
2,parallel
7,parallel_tests
4,sextant
3,prettyprint
12,pp
2,coderay
3,ipaddr
1,debug_inspector.so
7,debug_inspector
13,binding_of_caller
61,better_errors
1,quiet_assets
1,meta_request
49,method_source
6,slop
3,readline
1,ruby_debug.so
1,tracelines19
8,linecache19
18,ruby-debug-base
2,columnize
2,e2mmap
83,irb
203,ruby-debug
208,debugger
445,pry
452,pry-rails
2,pry-debugger
15,coolline
89,pry-coolline
3,pry-stack_explorer
0,rspec-rails
1,find
16,listen
2,terminal-notifier-guard
12,launchy
20,letter_opener
1,English
7,hodel_3000_compliant_logger
74,oink
37,chronic
1,flux_capacitor
51,delorean
10,sprockets
74,tzinfo
1,hike
3,callsite
1,rdoc
2,bcrypt_ext
13,bcrypt
9,csv
506,ruby_prof
609,ruby-prof
5,optparse
9,active_support
2,action_pack
9,i18n
18,active_model
2,rack
42,action_dispatch
2,logger
3,psych.so
50,psych
2,yaml
1,base64
156,rails
2,bigdecimal
82,arel
122,active_record
42,abstract_controller
5,erb
13,action_view
68,action_controller
10,action_mailer
4,active_resource
4,pg_ext
8,pg
160,haml
164,haml-rails
21,jquery-rails
2,jquery-ui-rails
152,sass
2,sass-rails
162,bootstrap-sass
2,bootbox-rails
1,select2-rails
2,ostruct
23,json
2,orm_adapter
6,warden
103,journey
3,delegate
1,tmpdir
11,tempfile
245,devise
1,multi_json
87,simple_form
12,erubis
1,singleton
140,responders
148,inherited_resources
1,subexec
1,shellwords
18,mini_magick
1,carrierwave
200,acts-as-taggable-on
26,pg_search
20,whenever
4,acts_as_list
2,default_value_for
1,zentest_mapping
9,inline
24,fuzzystringmatch
45,state_machine
3,figaro
340,backports
1,descendants_tracker
362,virtus
2,request_store
51,draper
7,naught
5,open-uri
57,css_parser
7,htmlentities
86,premailer
113,nokogiri
100,load_parsers
252,mail
42,delayed_job
14,delayed_job_active_record
53,tilt
79,delayed_job_web
10,builder
31,airbrake
36,delayed-plugins-airbrake
46,daemons
9,analytical
50,metric_parser
54,conditional_vendored_metric_parser
4,dependency_detection
10,conditional_vendored_dependency_detection
212,newrelic_rpm
48,intercom-rails
8,intercom
4,ace-rails-ap
1,active_utils
106,active_merchant
111,activemerchant
2,encryptor
10,attr_encryptor
51,iso4217
128,iso3166
1,country_select
5,biggs
5,charlock_holmes
1,currency_data
8,easy_money
6,oj
20,rabl
26,apipie-rails
56,strong_parameters
1,weakref
3,ref
77,v8
90,execjs
96,coffee_script
101,coffee-script
115,coffee-rails
1,uglifier
24,chunky_png
167,compass
179,compass-rails
5107,webrick
1,abbrev
75,highline
283,capistrano
2,parallel
7,parallel_tests
3,sextant
2,prettyprint
11,pp
2,coderay
3,ipaddr
1,debug_inspector.so
5,debug_inspector
12,binding_of_caller
58,better_errors
1,quiet_assets
2,meta_request
48,method_source
5,slop
3,readline
1,ruby_debug.so
1,tracelines19
8,linecache19
23,ruby-debug-base
1,columnize
1,e2mmap
81,irb
202,ruby-debug
208,debugger
441,pry
453,pry-rails
2,pry-debugger
8,coolline
78,pry-coolline
3,pry-stack_explorer
0,rspec-rails
1,find
17,listen
2,terminal-notifier-guard
11,launchy
20,letter_opener
1,English
7,hodel_3000_compliant_logger
69,oink
33,chronic
1,flux_capacitor
46,delorean
9,sprockets
75,tzinfo
1,hike
2,callsite
1,rdoc
2,bcrypt_ext
14,bcrypt
10,csv
504,ruby_prof
620,ruby-prof
5,optparse
11,active_support
2,action_pack
6,i18n
13,active_model
1,rack
39,action_dispatch
2,logger
2,psych.so
43,psych
2,yaml
1,base64
144,rails
2,bigdecimal
81,arel
114,active_record
47,abstract_controller
4,erb
10,action_view
71,action_controller
8,action_mailer
3,active_resource
4,pg_ext
8,pg
158,haml
161,haml-rails
19,jquery-rails
3,jquery-ui-rails
153,sass
2,sass-rails
163,bootstrap-sass
2,bootbox-rails
1,select2-rails
1,ostruct
19,json
2,orm_adapter
6,warden
47,journey
2,delegate
2,tmpdir
13,tempfile
194,devise
2,multi_json
83,simple_form
12,erubis
1,singleton
141,responders
147,inherited_resources
1,subexec
1,shellwords
17,mini_magick
2,carrierwave
169,acts-as-taggable-on
26,pg_search
21,whenever
3,acts_as_list
2,default_value_for
2,zentest_mapping
11,inline
26,fuzzystringmatch
49,state_machine
2,figaro
328,backports
1,descendants_tracker
349,virtus
1,request_store
51,draper
5,naught
4,open-uri
65,css_parser
5,htmlentities
91,premailer
112,nokogiri
101,load_parsers
257,mail
46,delayed_job
15,delayed_job_active_record
56,tilt
83,delayed_job_web
7,builder
30,airbrake
35,delayed-plugins-airbrake
47,daemons
8,analytical
52,metric_parser
56,conditional_vendored_metric_parser
3,dependency_detection
8,conditional_vendored_dependency_detection
214,newrelic_rpm
44,intercom-rails
10,intercom
4,ace-rails-ap
1,active_utils
107,active_merchant
113,activemerchant
2,encryptor
9,attr_encryptor
51,iso4217
129,iso3166
2,country_select
5,biggs
5,charlock_holmes
1,currency_data
11,easy_money
7,oj
63,rabl
27,apipie-rails
56,strong_parameters
1,weakref
3,ref
82,v8
94,execjs
100,coffee_script
107,coffee-script
125,coffee-rails
1,uglifier
27,chunky_png
179,compass
190,compass-rails
122,webrick
1,abbrev
72,highline
284,capistrano
2,parallel
7,parallel_tests
3,sextant
3,prettyprint
12,pp
2,coderay
3,ipaddr
1,debug_inspector.so
6,debug_inspector
13,binding_of_caller
63,better_errors
1,quiet_assets
1,meta_request
3,method_source
51,slop
3,readline
1,ruby_debug.so
1,tracelines19
9,linecache19
23,ruby-debug-base
1,columnize
1,e2mmap
86,irb
212,ruby-debug
218,debugger
462,pry
470,pry-rails
3,pry-debugger
11,coolline
82,pry-coolline
6,pry-stack_explorer
1,rspec-rails
1,find
19,listen
2,terminal-notifier-guard
11,launchy
21,letter_opener
1,English
8,hodel_3000_compliant_logger
18,oink
30,chronic
1,flux_capacitor
91,delorean
6,sprockets
83,tzinfo
1,hike
2,callsite
1,rdoc
2,bcrypt_ext
14,bcrypt
7,csv
13,optparse
92,active_support
2,action_pack
23,i18n
51,active_model
3,rack
229,action_dispatch
4,logger
3,psych.so
83,psych
2,yaml
1,base64
335,rails
3,bigdecimal
188,arel
367,active_record
149,abstract_controller
7,erb
66,action_view
308,action_controller
40,action_mailer
10,active_resource
23,pg_ext
30,pg
220,optparse
1016,active_support
18,action_pack
112,i18n
487,active_model
29,rack
2153,action_dispatch
57,logger
27,psych.so
662,psych
3,yaml
1,base64
2975,rails
58,bigdecimal
1468,arel
3647,active_record
1867,abstract_controller
71,erb
753,action_view
3759,action_controller
327,action_mailer
164,active_resource
105,pg_ext
157,pg
273,optparse
1570,active_support
30,action_pack
165,i18n
749,active_model
28,rack
3327,action_dispatch
61,logger
29,psych.so
592,psych
3,yaml
11,base64
2711,rails
44,bigdecimal
1304,arel
3528,active_record
1832,abstract_controller
89,erb
687,action_view
3582,action_controller
468,action_mailer
243,active_resource
169,pg_ext
259,pg
6,optparse
15,active_support
2,action_pack
19,i18n
28,active_model
2,rack
61,action_dispatch
2,logger
2,psych.so
59,psych
2,yaml
1,base64
165,rails
2,bigdecimal
84,arel
146,active_record
51,abstract_controller
5,erb
15,action_view
87,action_controller
12,action_mailer
4,active_resource
5,pg_ext
11,pg
1174,haml
1178,haml-rails
3,jquery-rails
2,jquery-ui-rails
208,sass
4,sass-rails
220,bootstrap-sass
2,bootbox-rails
2,select2-rails
21,ostruct
57,json
3,orm_adapter
46,warden
73,journey
3,delegate
2,tmpdir
15,tempfile
274,devise
1,multi_json
129,simple_form
42,erubis
23,singleton
205,responders
214,inherited_resources
1,subexec
1,shellwords
25,mini_magick
2,carrierwave
299,acts-as-taggable-on
3,pg_search
29,whenever
3,acts_as_list
2,default_value_for
30,zentest_mapping
38,inline
57,fuzzystringmatch
62,state_machine
3,figaro
469,backports
1,descendants_tracker
541,virtus
2,request_store
68,draper
8,naught
5,open-uri
175,css_parser
7,htmlentities
205,premailer
135,nokogiri
111,load_parsers
1091,mail
16,delayed_job
19,delayed_job_active_record
24,tilt
154,delayed_job_web
47,builder
71,airbrake
77,delayed-plugins-airbrake
16,daemons
52,analytical
63,metric_parser
68,conditional_vendored_metric_parser
4,dependency_detection
9,conditional_vendored_dependency_detection
311,newrelic_rpm
12,intercom-rails
54,intercom
4,ace-rails-ap
1,active_utils
176,active_merchant
181,activemerchant
3,encryptor
11,attr_encryptor
240,iso4217
2586,iso3166
2,country_select
6,biggs
6,charlock_holmes
2,currency_data
9,easy_money
7,oj
72,rabl
75,apipie-rails
20,strong_parameters
1,weakref
5,ref
91,v8
109,execjs
115,coffee_script
120,coffee-script
137,coffee-rails
1,uglifier
75,chunky_png
313,compass
328,compass-rails
125,webrick
1,abbrev
43,highline
454,capistrano
2,parallel
8,parallel_tests
6,sextant
2,prettyprint
11,pp
2,coderay
3,ipaddr
1,debug_inspector.so
6,debug_inspector
12,binding_of_caller
61,better_errors
56,quiet_assets
2,meta_request
3,method_source
5,slop
3,readline
1,ruby_debug.so
1,tracelines19
70,linecache19
82,ruby-debug-base
1,columnize
1,e2mmap
106,irb
316,ruby-debug
322,debugger
637,pry
707,pry-rails
4,pry-debugger
11,coolline
301,pry-coolline
5,pry-stack_explorer
1,rspec-rails
1,find
19,listen
2,terminal-notifier-guard
73,launchy
82,letter_opener
1,English
7,hodel_3000_compliant_logger
20,oink
96,chronic
1,flux_capacitor
108,delorean
10,sprockets
92,tzinfo
1,hike
2,callsite
2,rdoc
2,bcrypt_ext
16,bcrypt
11,csv
6,optparse
14,active_support
2,action_pack
19,i18n
28,active_model
2,rack
61,action_dispatch
2,logger
2,psych.so
56,psych
2,yaml
1,base64
155,rails
2,bigdecimal
83,arel
143,active_record
50,abstract_controller
5,erb
15,action_view
85,action_controller
11,action_mailer
4,active_resource
5,pg_ext
10,pg
1181,haml
1185,haml-rails
3,jquery-rails
2,jquery-ui-rails
204,sass
4,sass-rails
216,bootstrap-sass
2,bootbox-rails
2,select2-rails
20,ostruct
57,json
3,orm_adapter
44,warden
75,journey
3,delegate
2,tmpdir
16,tempfile
277,devise
1,multi_json
130,simple_form
41,erubis
22,singleton
206,responders
215,inherited_resources
1,subexec
1,shellwords
26,mini_magick
2,carrierwave
296,acts-as-taggable-on
3,pg_search
29,whenever
3,acts_as_list
2,default_value_for
30,zentest_mapping
39,inline
59,fuzzystringmatch
62,state_machine
3,figaro
476,backports
1,descendants_tracker
550,virtus
2,request_store
63,draper
9,naught
4,open-uri
173,css_parser
8,htmlentities
202,premailer
133,nokogiri
112,load_parsers
1244,mail
17,delayed_job
20,delayed_job_active_record
28,tilt
158,delayed_job_web
47,builder
72,airbrake
78,delayed-plugins-airbrake
16,daemons
52,analytical
68,metric_parser
73,conditional_vendored_metric_parser
3,dependency_detection
8,conditional_vendored_dependency_detection
306,newrelic_rpm
12,intercom-rails
54,intercom
5,ace-rails-ap
1,active_utils
179,active_merchant
184,activemerchant
3,encryptor
11,attr_encryptor
243,iso4217
2631,iso3166
2,country_select
8,biggs
6,charlock_holmes
2,currency_data
8,easy_money
7,oj
68,rabl
76,apipie-rails
22,strong_parameters
1,weakref
5,ref
90,v8
107,execjs
113,coffee_script
118,coffee-script
135,coffee-rails
1,uglifier
72,chunky_png
308,compass
322,compass-rails
125,webrick
1,abbrev
44,highline
448,capistrano
2,parallel
8,parallel_tests
6,sextant
2,prettyprint
10,pp
2,coderay
3,ipaddr
1,debug_inspector.so
6,debug_inspector
12,binding_of_caller
60,better_errors
54,quiet_assets
2,meta_request
3,method_source
5,slop
3,readline
1,ruby_debug.so
1,tracelines19
65,linecache19
76,ruby-debug-base
2,columnize
1,e2mmap
98,irb
299,ruby-debug
304,debugger
616,pry
683,pry-rails
4,pry-debugger
11,coolline
306,pry-coolline
5,pry-stack_explorer
1,rspec-rails
1,find
20,listen
2,terminal-notifier-guard
75,launchy
85,letter_opener
1,English
7,hodel_3000_compliant_logger
19,oink
91,chronic
1,flux_capacitor
102,delorean
10,sprockets
93,tzinfo
1,hike
2,callsite
2,rdoc
2,bcrypt_ext
17,bcrypt
12,csv
6,optparse
14,active_support
2,action_pack
17,i18n
25,active_model
2,rack
56,action_dispatch
2,logger
2,psych.so
56,psych
2,yaml
1,base64
147,rails
2,bigdecimal
77,arel
136,active_record
51,abstract_controller
5,erb
15,action_view
85,action_controller
11,action_mailer
4,active_resource
4,pg_ext
10,pg
1199,haml
1203,haml-rails
3,jquery-rails
3,jquery-ui-rails
207,sass
4,sass-rails
220,bootstrap-sass
2,bootbox-rails
2,select2-rails
20,ostruct
55,json
3,orm_adapter
43,warden
73,journey
3,delegate
2,tmpdir
14,tempfile
270,devise
1,multi_json
132,simple_form
39,erubis
22,singleton
200,responders
208,inherited_resources
1,subexec
1,shellwords
26,mini_magick
2,carrierwave
294,acts-as-taggable-on
3,pg_search
30,whenever
3,acts_as_list
2,default_value_for
29,zentest_mapping
38,inline
57,fuzzystringmatch
61,state_machine
3,figaro
465,backports
1,descendants_tracker
537,virtus
2,request_store
62,draper
8,naught
5,open-uri
171,css_parser
7,htmlentities
199,premailer
131,nokogiri
112,load_parsers
1075,mail
15,delayed_job
20,delayed_job_active_record
24,tilt
152,delayed_job_web
47,builder
70,airbrake
76,delayed-plugins-airbrake
16,daemons
50,analytical
62,metric_parser
67,conditional_vendored_metric_parser
3,dependency_detection
8,conditional_vendored_dependency_detection
304,newrelic_rpm
12,intercom-rails
53,intercom
4,ace-rails-ap
1,active_utils
171,active_merchant
176,activemerchant
3,encryptor
12,attr_encryptor
238,iso4217
2552,iso3166
2,country_select
8,biggs
5,charlock_holmes
2,currency_data
9,easy_money
7,oj
69,rabl
76,apipie-rails
21,strong_parameters
1,weakref
5,ref
90,v8
107,execjs
114,coffee_script
119,coffee-script
135,coffee-rails
1,uglifier
72,chunky_png
303,compass
317,compass-rails
141,webrick
1,abbrev
44,highline
452,capistrano
2,parallel
8,parallel_tests
6,sextant
2,prettyprint
11,pp
2,coderay
3,ipaddr
1,debug_inspector.so
8,debug_inspector
16,binding_of_caller
69,better_errors
54,quiet_assets
2,meta_request
3,method_source
5,slop
3,readline
1,ruby_debug.so
1,tracelines19
64,linecache19
77,ruby-debug-base
2,columnize
1,e2mmap
100,irb
303,ruby-debug
309,debugger
621,pry
688,pry-rails
4,pry-debugger
11,coolline
298,pry-coolline
5,pry-stack_explorer
1,rspec-rails
1,find
20,listen
2,terminal-notifier-guard
71,launchy
81,letter_opener
1,English
8,hodel_3000_compliant_logger
19,oink
91,chronic
1,flux_capacitor
102,delorean
9,sprockets
92,tzinfo
1,hike
2,callsite
2,rdoc
1,bcrypt_ext
16,bcrypt
11,csv
6,optparse
14,active_support
2,action_pack
17,i18n
26,active_model
2,rack
59,action_dispatch
2,logger
2,psych.so
56,psych
2,yaml
1,base64
153,rails
2,bigdecimal
81,arel
139,active_record
50,abstract_controller
5,erb
15,action_view
84,action_controller
11,action_mailer
4,active_resource
4,pg_ext
9,pg
1159,haml
1162,haml-rails
3,jquery-rails
2,jquery-ui-rails
200,sass
4,sass-rails
212,bootstrap-sass
2,bootbox-rails
1,select2-rails
21,ostruct
57,json
3,orm_adapter
43,warden
71,journey
3,delegate
2,tmpdir
16,tempfile
265,devise
1,multi_json
129,simple_form
39,erubis
22,singleton
199,responders
208,inherited_resources
1,subexec
1,shellwords
25,mini_magick
2,carrierwave
292,acts-as-taggable-on
3,pg_search
29,whenever
3,acts_as_list
2,default_value_for
29,zentest_mapping
38,inline
58,fuzzystringmatch
59,state_machine
3,figaro
468,backports
1,descendants_tracker
538,virtus
2,request_store
62,draper
8,naught
4,open-uri
170,css_parser
7,htmlentities
199,premailer
134,nokogiri
111,load_parsers
1066,mail
15,delayed_job
20,delayed_job_active_record
24,tilt
152,delayed_job_web
47,builder
71,airbrake
77,delayed-plugins-airbrake
15,daemons
50,analytical
62,metric_parser
67,conditional_vendored_metric_parser
3,dependency_detection
8,conditional_vendored_dependency_detection
303,newrelic_rpm
12,intercom-rails
52,intercom
4,ace-rails-ap
1,active_utils
174,active_merchant
179,activemerchant
3,encryptor
11,attr_encryptor
234,iso4217
2563,iso3166
2,country_select
7,biggs
5,charlock_holmes
1,currency_data
9,easy_money
7,oj
70,rabl
75,apipie-rails
21,strong_parameters
1,weakref
5,ref
90,v8
108,execjs
114,coffee_script
119,coffee-script
136,coffee-rails
1,uglifier
72,chunky_png
302,compass
318,compass-rails
122,webrick
1,abbrev
43,highline
443,capistrano
2,parallel
8,parallel_tests
6,sextant
3,prettyprint
11,pp
3,coderay
3,ipaddr
1,debug_inspector.so
7,debug_inspector
14,binding_of_caller
64,better_errors
55,quiet_assets
2,meta_request
3,method_source
5,slop
3,readline
1,ruby_debug.so
1,tracelines19
64,linecache19
76,ruby-debug-base
1,columnize
1,e2mmap
98,irb
302,ruby-debug
308,debugger
619,pry
686,pry-rails
4,pry-debugger
10,coolline
296,pry-coolline
6,pry-stack_explorer
1,rspec-rails
1,find
20,listen
2,terminal-notifier-guard
72,launchy
81,letter_opener
1,English
8,hodel_3000_compliant_logger
20,oink
91,chronic
1,flux_capacitor
104,delorean
9,sprockets
94,tzinfo
1,hike
2,callsite
2,rdoc
2,bcrypt_ext
16,bcrypt
11,csv
6,optparse
15,active_support
2,action_pack
17,i18n
26,active_model
2,rack
60,action_dispatch
2,logger
2,psych.so
56,psych
2,yaml
1,base64
153,rails
2,bigdecimal
83,arel
143,active_record
53,abstract_controller
5,erb
15,action_view
89,action_controller
11,action_mailer
4,active_resource
4,pg_ext
10,pg
1300,haml
1304,haml-rails
3,jquery-rails
2,jquery-ui-rails
207,sass
4,sass-rails
219,bootstrap-sass
2,bootbox-rails
1,select2-rails
19,ostruct
52,json
3,orm_adapter
43,warden
69,journey
3,delegate
2,tmpdir
14,tempfile
258,devise
1,multi_json
128,simple_form
36,erubis
23,singleton
191,responders
199,inherited_resources
1,subexec
1,shellwords
24,mini_magick
2,carrierwave
296,acts-as-taggable-on
3,pg_search
27,whenever
3,acts_as_list
2,default_value_for
27,zentest_mapping
37,inline
56,fuzzystringmatch
59,state_machine
3,figaro
466,backports
1,descendants_tracker
537,virtus
2,request_store
62,draper
8,naught
5,open-uri
172,css_parser
7,htmlentities
201,premailer
132,nokogiri
116,load_parsers
1115,mail
16,delayed_job
20,delayed_job_active_record
26,tilt
156,delayed_job_web
47,builder
72,airbrake
78,delayed-plugins-airbrake
15,daemons
51,analytical
62,metric_parser
67,conditional_vendored_metric_parser
3,dependency_detection
9,conditional_vendored_dependency_detection
301,newrelic_rpm
12,intercom-rails
50,intercom
4,ace-rails-ap
1,active_utils
170,active_merchant
175,activemerchant
3,encryptor
11,attr_encryptor
237,iso4217
2597,iso3166
2,country_select
7,biggs
5,charlock_holmes
2,currency_data
9,easy_money
7,oj
72,rabl
76,apipie-rails
21,strong_parameters
1,weakref
6,ref
90,v8
106,execjs
112,coffee_script
117,coffee-script
133,coffee-rails
1,uglifier
77,chunky_png
311,compass
325,compass-rails
128,webrick
1,abbrev
41,highline
443,capistrano
2,parallel
8,parallel_tests
6,sextant
3,prettyprint
11,pp
2,coderay
3,ipaddr
1,debug_inspector.so
6,debug_inspector
12,binding_of_caller
61,better_errors
54,quiet_assets
2,meta_request
3,method_source
5,slop
3,readline
1,ruby_debug.so
1,tracelines19
63,linecache19
76,ruby-debug-base
1,columnize
1,e2mmap
99,irb
297,ruby-debug
303,debugger
617,pry
684,pry-rails
4,pry-debugger
10,coolline
296,pry-coolline
5,pry-stack_explorer
1,rspec-rails
1,find
19,listen
2,terminal-notifier-guard
70,launchy
80,letter_opener
1,English
8,hodel_3000_compliant_logger
19,oink
89,chronic
1,flux_capacitor
101,delorean
9,sprockets
87,tzinfo
1,hike
2,callsite
2,rdoc
2,bcrypt_ext
16,bcrypt
11,csv
6,optparse
16,active_support
2,action_pack
18,i18n
27,active_model
2,rack
61,action_dispatch
3,logger
2,psych.so
56,psych
2,yaml
1,base64
156,rails
2,bigdecimal
82,arel
138,active_record
52,abstract_controller
6,erb
16,action_view
88,action_controller
12,action_mailer
4,active_resource
4,pg_ext
9,pg
1202,haml
1205,haml-rails
3,jquery-rails
2,jquery-ui-rails
201,sass
4,sass-rails
214,bootstrap-sass
2,bootbox-rails
2,select2-rails
20,ostruct
55,json
3,orm_adapter
43,warden
68,journey
3,delegate
2,tmpdir
15,tempfile
262,devise
1,multi_json
126,simple_form
37,erubis
22,singleton
195,responders
204,inherited_resources
1,subexec
1,shellwords
27,mini_magick
2,carrierwave
291,acts-as-taggable-on
3,pg_search
27,whenever
3,acts_as_list
2,default_value_for
28,zentest_mapping
38,inline
56,fuzzystringmatch
58,state_machine
3,figaro
484,backports
1,descendants_tracker
554,virtus
2,request_store
60,draper
8,naught
4,open-uri
170,css_parser
7,htmlentities
199,premailer
131,nokogiri
110,load_parsers
1202,mail
15,delayed_job
21,delayed_job_active_record
25,tilt
154,delayed_job_web
44,builder
69,airbrake
75,delayed-plugins-airbrake
15,daemons
48,analytical
61,metric_parser
66,conditional_vendored_metric_parser
3,dependency_detection
9,conditional_vendored_dependency_detection
295,newrelic_rpm
14,intercom-rails
50,intercom
4,ace-rails-ap
1,active_utils
170,active_merchant
175,activemerchant
3,encryptor
11,attr_encryptor
236,iso4217
2629,iso3166
2,country_select
7,biggs
7,charlock_holmes
2,currency_data
10,easy_money
10,oj
73,rabl
76,apipie-rails
20,strong_parameters
1,weakref
5,ref
94,v8
110,execjs
117,coffee_script
122,coffee-script
138,coffee-rails
1,uglifier
72,chunky_png
307,compass
322,compass-rails
124,webrick
1,abbrev
44,highline
449,capistrano
2,parallel
8,parallel_tests
7,sextant
2,prettyprint
11,pp
2,coderay
3,ipaddr
1,debug_inspector.so
6,debug_inspector
13,binding_of_caller
64,better_errors
55,quiet_assets
2,meta_request
3,method_source
5,slop
3,readline
1,ruby_debug.so
1,tracelines19
64,linecache19
76,ruby-debug-base
2,columnize
1,e2mmap
97,irb
300,ruby-debug
307,debugger
620,pry
688,pry-rails
4,pry-debugger
11,coolline
302,pry-coolline
5,pry-stack_explorer
1,rspec-rails
1,find
21,listen
2,terminal-notifier-guard
70,launchy
80,letter_opener
1,English
8,hodel_3000_compliant_logger
20,oink
92,chronic
1,flux_capacitor
103,delorean
9,sprockets
100,tzinfo
1,hike
2,callsite
2,rdoc
2,bcrypt_ext
16,bcrypt
12,csv
5,optparse
11,active_support
2,action_pack
5,i18n
12,active_model
2,rack
38,action_dispatch
2,logger
2,psych.so
50,psych
2,yaml
1,base64
125,rails
2,bigdecimal
75,arel
122,active_record
29,abstract_controller
4,erb
25,action_view
70,action_controller
9,action_mailer
3,active_resource
3,pg_ext
8,pg
483,haml
487,haml-rails
2,jquery-rails
2,jquery-ui-rails
143,sass
2,sass-rails
154,bootstrap-sass
2,bootbox-rails
1,select2-rails
1,ostruct
35,json
3,orm_adapter
8,warden
28,journey
2,delegate
2,tmpdir
13,tempfile
180,devise
1,multi_json
106,simple_form
14,erubis
1,singleton
145,responders
152,inherited_resources
1,subexec
1,shellwords
18,mini_magick
2,carrierwave
199,acts-as-taggable-on
2,pg_search
21,whenever
27,acts_as_list
3,default_value_for
1,zentest_mapping
11,inline
27,fuzzystringmatch
48,state_machine
3,figaro
329,backports
1,descendants_tracker
381,virtus
2,request_store
25,draper
33,naught
5,open-uri
79,css_parser
6,htmlentities
106,premailer
117,nokogiri
98,load_parsers
537,mail
12,delayed_job
15,delayed_job_active_record
19,tilt
88,delayed_job_web
7,builder
65,airbrake
71,delayed-plugins-airbrake
13,daemons
44,analytical
19,metric_parser
23,conditional_vendored_metric_parser
4,dependency_detection
8,conditional_vendored_dependency_detection
224,newrelic_rpm
9,intercom-rails
46,intercom
4,ace-rails-ap
1,active_utils
114,active_merchant
120,activemerchant
2,encryptor
11,attr_encryptor
131,iso4217
1159,iso3166
2,country_select
6,biggs
5,charlock_holmes
1,currency_data
8,easy_money
6,oj
64,rabl
27,apipie-rails
18,strong_parameters
1,weakref
4,ref
37,v8
50,execjs
55,coffee_script
103,coffee-script
161,coffee-rails
1,uglifier
25,chunky_png
182,compass
194,compass-rails
105,webrick
1,abbrev
78,highline
337,capistrano
2,parallel
7,parallel_tests
3,sextant
2,prettyprint
9,pp
2,coderay
3,ipaddr
50,debug_inspector.so
56,debug_inspector
61,binding_of_caller
109,better_errors
1,quiet_assets
1,meta_request
2,method_source
5,slop
2,readline
1,ruby_debug.so
1,tracelines19
9,linecache19
20,ruby-debug-base
2,columnize
1,e2mmap
86,irb
214,ruby-debug
220,debugger
479,pry
489,pry-rails
3,pry-debugger
8,coolline
110,pry-coolline
4,pry-stack_explorer
1,rspec-rails
1,find
74,listen
2,terminal-notifier-guard
14,launchy
23,letter_opener
1,English
7,hodel_3000_compliant_logger
19,oink
81,chronic
1,flux_capacitor
92,delorean
6,sprockets
77,tzinfo
1,hike
2,callsite
1,rdoc
1,bcrypt_ext
14,bcrypt
9,csv
6,optparse
11,active_support
2,action_pack
5,i18n
12,active_model
1,rack
40,action_dispatch
2,logger
2,psych.so
53,psych
2,yaml
1,base64
134,rails
3,bigdecimal
76,arel
127,active_record
29,abstract_controller
4,erb
25,action_view
71,action_controller
10,action_mailer
4,active_resource
3,pg_ext
7,pg
491,haml
495,haml-rails
2,jquery-rails
2,jquery-ui-rails
145,sass
2,sass-rails
155,bootstrap-sass
2,bootbox-rails
1,select2-rails
1,ostruct
36,json
3,orm_adapter
8,warden
28,journey
2,delegate
2,tmpdir
14,tempfile
181,devise
1,multi_json
106,simple_form
13,erubis
1,singleton
151,responders
157,inherited_resources
1,subexec
1,shellwords
17,mini_magick
2,carrierwave
202,acts-as-taggable-on
2,pg_search
23,whenever
28,acts_as_list
3,default_value_for
1,zentest_mapping
10,inline
28,fuzzystringmatch
51,state_machine
3,figaro
336,backports
1,descendants_tracker
390,virtus
2,request_store
27,draper
35,naught
6,open-uri
79,css_parser
6,htmlentities
107,premailer
119,nokogiri
105,load_parsers
542,mail
12,delayed_job
16,delayed_job_active_record
19,tilt
90,delayed_job_web
7,builder
65,airbrake
70,delayed-plugins-airbrake
14,daemons
48,analytical
21,metric_parser
26,conditional_vendored_metric_parser
3,dependency_detection
7,conditional_vendored_dependency_detection
235,newrelic_rpm
9,intercom-rails
49,intercom
4,ace-rails-ap
1,active_utils
117,active_merchant
123,activemerchant
2,encryptor
9,attr_encryptor
133,iso4217
1156,iso3166
2,country_select
6,biggs
5,charlock_holmes
1,currency_data
8,easy_money
6,oj
65,rabl
27,apipie-rails
16,strong_parameters
1,weakref
4,ref
37,v8
52,execjs
58,coffee_script
107,coffee-script
165,coffee-rails
1,uglifier
24,chunky_png
186,compass
199,compass-rails
106,webrick
1,abbrev
77,highline
340,capistrano
2,parallel
7,parallel_tests
3,sextant
2,prettyprint
10,pp
2,coderay
3,ipaddr
52,debug_inspector.so
57,debug_inspector
63,binding_of_caller
108,better_errors
1,quiet_assets
1,meta_request
2,method_source
4,slop
2,readline
1,ruby_debug.so
1,tracelines19
9,linecache19
21,ruby-debug-base
2,columnize
1,e2mmap
86,irb
219,ruby-debug
225,debugger
485,pry
494,pry-rails
3,pry-debugger
9,coolline
111,pry-coolline
4,pry-stack_explorer
1,rspec-rails
1,find
73,listen
2,terminal-notifier-guard
12,launchy
21,letter_opener
1,English
7,hodel_3000_compliant_logger
19,oink
82,chronic
1,flux_capacitor
94,delorean
7,sprockets
79,tzinfo
1,hike
2,callsite
2,rdoc
1,bcrypt_ext
14,bcrypt
9,csv
5,optparse
11,active_support
3,action_pack
6,i18n
15,active_model
1,rack
42,action_dispatch
3,logger
2,psych.so
56,psych
2,yaml
1,base64
144,rails
3,bigdecimal
82,arel
134,active_record
30,abstract_controller
5,erb
28,action_view
74,action_controller
10,action_mailer
3,active_resource
4,pg_ext
9,pg
485,haml
488,haml-rails
2,jquery-rails
2,jquery-ui-rails
144,sass
2,sass-rails
154,bootstrap-sass
2,bootbox-rails
1,select2-rails
1,ostruct
38,json
4,orm_adapter
7,warden
31,journey
3,delegate
2,tmpdir
13,tempfile
190,devise
1,multi_json
106,simple_form
12,erubis
1,singleton
145,responders
152,inherited_resources
1,subexec
1,shellwords
17,mini_magick
2,carrierwave
196,acts-as-taggable-on
2,pg_search
24,whenever
29,acts_as_list
3,default_value_for
1,zentest_mapping
10,inline
27,fuzzystringmatch
50,state_machine
3,figaro
325,backports
1,descendants_tracker
379,virtus
2,request_store
26,draper
35,naught
6,open-uri
77,css_parser
5,htmlentities
104,premailer
119,nokogiri
98,load_parsers
533,mail
11,delayed_job
15,delayed_job_active_record
20,tilt
90,delayed_job_web
7,builder
69,airbrake
74,delayed-plugins-airbrake
13,daemons
44,analytical
19,metric_parser
23,conditional_vendored_metric_parser
3,dependency_detection
8,conditional_vendored_dependency_detection
237,newrelic_rpm
9,intercom-rails
49,intercom
4,ace-rails-ap
1,active_utils
112,active_merchant
117,activemerchant
2,encryptor
11,attr_encryptor
135,iso4217
1230,iso3166
2,country_select
6,biggs
5,charlock_holmes
1,currency_data
8,easy_money
7,oj
68,rabl
32,apipie-rails
16,strong_parameters
1,weakref
4,ref
39,v8
53,execjs
59,coffee_script
109,coffee-script
166,coffee-rails
1,uglifier
26,chunky_png
187,compass
199,compass-rails
112,webrick
1,abbrev
84,highline
346,capistrano
2,parallel
7,parallel_tests
4,sextant
2,prettyprint
12,pp
2,coderay
5,ipaddr
54,debug_inspector.so
59,debug_inspector
65,binding_of_caller
122,better_errors
1,quiet_assets
2,meta_request
2,method_source
4,slop
3,readline
1,ruby_debug.so
1,tracelines19
9,linecache19
21,ruby-debug-base
2,columnize
1,e2mmap
93,irb
226,ruby-debug
232,debugger
503,pry
513,pry-rails
3,pry-debugger
9,coolline
116,pry-coolline
4,pry-stack_explorer
1,rspec-rails
1,find
75,listen
2,terminal-notifier-guard
12,launchy
21,letter_opener
1,English
7,hodel_3000_compliant_logger
20,oink
95,chronic
1,flux_capacitor
107,delorean
7,sprockets
84,tzinfo
1,hike
2,callsite
1,rdoc
1,bcrypt_ext
15,bcrypt
10,csv
9,optparse
14,active_support
2,action_pack
6,i18n
15,active_model
2,rack
48,action_dispatch
2,logger
2,psych.so
53,psych
2,yaml
1,base64
129,rails
2,bigdecimal
75,arel
123,active_record
31,abstract_controller
4,erb
25,action_view
73,action_controller
10,action_mailer
3,active_resource
3,pg_ext
7,pg
484,haml
489,haml-rails
2,jquery-rails
2,jquery-ui-rails
142,sass
2,sass-rails
152,bootstrap-sass
2,bootbox-rails
1,select2-rails
1,ostruct
37,json
3,orm_adapter
9,warden
29,journey
2,delegate
2,tmpdir
13,tempfile
187,devise
1,multi_json
109,simple_form
13,erubis
1,singleton
144,responders
151,inherited_resources
1,subexec
1,shellwords
18,mini_magick
1,carrierwave
202,acts-as-taggable-on
2,pg_search
20,whenever
28,acts_as_list
2,default_value_for
1,zentest_mapping
10,inline
27,fuzzystringmatch
50,state_machine
3,figaro
326,backports
1,descendants_tracker
381,virtus
2,request_store
26,draper
34,naught
6,open-uri
75,css_parser
6,htmlentities
103,premailer
114,nokogiri
101,load_parsers
537,mail
11,delayed_job
15,delayed_job_active_record
21,tilt
92,delayed_job_web
6,builder
63,airbrake
69,delayed-plugins-airbrake
13,daemons
46,analytical
20,metric_parser
25,conditional_vendored_metric_parser
3,dependency_detection
8,conditional_vendored_dependency_detection
230,newrelic_rpm
9,intercom-rails
48,intercom
4,ace-rails-ap
1,active_utils
115,active_merchant
120,activemerchant
3,encryptor
10,attr_encryptor
133,iso4217
1219,iso3166
2,country_select
8,biggs
5,charlock_holmes
1,currency_data
8,easy_money
6,oj
65,rabl
33,apipie-rails
18,strong_parameters
1,weakref
4,ref
37,v8
51,execjs
57,coffee_script
105,coffee-script
161,coffee-rails
1,uglifier
24,chunky_png
182,compass
194,compass-rails
119,webrick
1,abbrev
78,highline
338,capistrano
2,parallel
7,parallel_tests
3,sextant
2,prettyprint
10,pp
2,coderay
3,ipaddr
51,debug_inspector.so
56,debug_inspector
62,binding_of_caller
109,better_errors
1,quiet_assets
2,meta_request
2,method_source
4,slop
3,readline
1,ruby_debug.so
1,tracelines19
9,linecache19
21,ruby-debug-base
1,columnize
1,e2mmap
88,irb
216,ruby-debug
222,debugger
479,pry
489,pry-rails
3,pry-debugger
9,coolline
109,pry-coolline
4,pry-stack_explorer
1,rspec-rails
1,find
73,listen
2,terminal-notifier-guard
13,launchy
22,letter_opener
1,English
8,hodel_3000_compliant_logger
19,oink
86,chronic
1,flux_capacitor
98,delorean
7,sprockets
77,tzinfo
1,hike
2,callsite
1,rdoc
1,bcrypt_ext
14,bcrypt
10,csv
5,optparse
11,active_support
2,action_pack
5,i18n
12,active_model
1,rack
38,action_dispatch
2,logger
2,psych.so
53,psych
2,yaml
1,base64
132,rails
2,bigdecimal
77,arel
128,active_record
33,abstract_controller
5,erb
26,action_view
75,action_controller
9,action_mailer
4,active_resource
3,pg_ext
8,pg
487,haml
491,haml-rails
2,jquery-rails
2,jquery-ui-rails
149,sass
2,sass-rails
160,bootstrap-sass
2,bootbox-rails
1,select2-rails
1,ostruct
37,json
3,orm_adapter
7,warden
29,journey
3,delegate
2,tmpdir
13,tempfile
184,devise
1,multi_json
106,simple_form
14,erubis
1,singleton
147,responders
154,inherited_resources
1,subexec
1,shellwords
18,mini_magick
1,carrierwave
202,acts-as-taggable-on
2,pg_search
20,whenever
29,acts_as_list
3,default_value_for
1,zentest_mapping
10,inline
26,fuzzystringmatch
49,state_machine
3,figaro
336,backports
1,descendants_tracker
391,virtus
2,request_store
25,draper
33,naught
6,open-uri
76,css_parser
6,htmlentities
103,premailer
117,nokogiri
102,load_parsers
546,mail
13,delayed_job
15,delayed_job_active_record
20,tilt
90,delayed_job_web
8,builder
65,airbrake
71,delayed-plugins-airbrake
13,daemons
45,analytical
19,metric_parser
24,conditional_vendored_metric_parser
3,dependency_detection
7,conditional_vendored_dependency_detection
230,newrelic_rpm
8,intercom-rails
48,intercom
4,ace-rails-ap
1,active_utils
112,active_merchant
118,activemerchant
2,encryptor
10,attr_encryptor
134,iso4217
1180,iso3166
2,country_select
6,biggs
5,charlock_holmes
1,currency_data
8,easy_money
6,oj
68,rabl
26,apipie-rails
15,strong_parameters
1,weakref
4,ref
37,v8
51,execjs
57,coffee_script
106,coffee-script
165,coffee-rails
1,uglifier
25,chunky_png
185,compass
197,compass-rails
108,webrick
1,abbrev
77,highline
343,capistrano
2,parallel
8,parallel_tests
3,sextant
2,prettyprint
10,pp
2,coderay
3,ipaddr
53,debug_inspector.so
58,debug_inspector
65,binding_of_caller
111,better_errors
1,quiet_assets
1,meta_request
2,method_source
4,slop
2,readline
1,ruby_debug.so
1,tracelines19
10,linecache19
22,ruby-debug-base
2,columnize
1,e2mmap
88,irb
220,ruby-debug
227,debugger
490,pry
499,pry-rails
3,pry-debugger
9,coolline
111,pry-coolline
4,pry-stack_explorer
1,rspec-rails
1,find
73,listen
2,terminal-notifier-guard
12,launchy
21,letter_opener
1,English
7,hodel_3000_compliant_logger
18,oink
83,chronic
1,flux_capacitor
95,delorean
7,sprockets
79,tzinfo
1,hike
2,callsite
1,rdoc
1,bcrypt_ext
15,bcrypt
9,csv
5,optparse
11,active_support
1,action_pack
5,i18n
13,active_model
1,rack
37,action_dispatch
2,logger
2,psych.so
55,psych
2,yaml
1,base64
131,rails
2,bigdecimal
75,arel
128,active_record
35,abstract_controller
4,erb
26,action_view
76,action_controller
10,action_mailer
3,active_resource
3,pg_ext
8,pg
509,haml
513,haml-rails
7,jquery-rails
2,jquery-ui-rails
149,sass
2,sass-rails
159,bootstrap-sass
2,bootbox-rails
1,select2-rails
1,ostruct
36,json
3,orm_adapter
7,warden
30,journey
3,delegate
2,tmpdir
14,tempfile
191,devise
1,multi_json
108,simple_form
14,erubis
1,singleton
147,responders
154,inherited_resources
1,subexec
1,shellwords
19,mini_magick
1,carrierwave
201,acts-as-taggable-on
2,pg_search
21,whenever
29,acts_as_list
2,default_value_for
2,zentest_mapping
11,inline
27,fuzzystringmatch
50,state_machine
3,figaro
332,backports
1,descendants_tracker
389,virtus
2,request_store
26,draper
35,naught
6,open-uri
75,css_parser
6,htmlentities
103,premailer
119,nokogiri
103,load_parsers
541,mail
11,delayed_job
15,delayed_job_active_record
19,tilt
93,delayed_job_web
7,builder
64,airbrake
70,delayed-plugins-airbrake
13,daemons
43,analytical
19,metric_parser
25,conditional_vendored_metric_parser
3,dependency_detection
7,conditional_vendored_dependency_detection
234,newrelic_rpm
10,intercom-rails
48,intercom
4,ace-rails-ap
1,active_utils
113,active_merchant
119,activemerchant
3,encryptor
10,attr_encryptor
132,iso4217
1161,iso3166
2,country_select
6,biggs
5,charlock_holmes
1,currency_data
8,easy_money
6,oj
65,rabl
26,apipie-rails
19,strong_parameters
1,weakref
4,ref
37,v8
51,execjs
57,coffee_script
106,coffee-script
162,coffee-rails
1,uglifier
24,chunky_png
181,compass
193,compass-rails
113,webrick
1,abbrev
78,highline
340,capistrano
2,parallel
7,parallel_tests
3,sextant
2,prettyprint
10,pp
2,coderay
3,ipaddr
50,debug_inspector.so
55,debug_inspector
61,binding_of_caller
108,better_errors
1,quiet_assets
1,meta_request
2,method_source
4,slop
3,readline
1,ruby_debug.so
1,tracelines19
10,linecache19
21,ruby-debug-base
1,columnize
1,e2mmap
88,irb
220,ruby-debug
227,debugger
488,pry
498,pry-rails
3,pry-debugger
8,coolline
110,pry-coolline
4,pry-stack_explorer
1,rspec-rails
1,find
74,listen
2,terminal-notifier-guard
13,launchy
23,letter_opener
1,English
8,hodel_3000_compliant_logger
19,oink
82,chronic
1,flux_capacitor
94,delorean
6,sprockets
79,tzinfo
1,hike
2,callsite
1,rdoc
1,bcrypt_ext
14,bcrypt
9,csv
3,rubyeventmachine
1,shellwords
24,eventmachine
9,em-hiredis
12,redis
1,base64
4,i18n
2,bigdecimal
2,psych.so
49,psych
2,yaml
5,active_support
2,logger
1,ostruct
16,json
4,erb
2,yajl
1,rack
19,tilt
2,delegate
1,tmpdir
11,tempfile
146,haml
1,thin_parser
9,thin
6,optparse
43,em-websocket
695,fnordmetric
1,multi_json
9,action_pack
156,active_model
398,action_dispatch
691,rails
1008,arel
1934,active_record
196,abstract_controller
180,action_view
718,action_controller
96,action_mailer
89,active_resource
4,pg_ext
43,pg
50,haml-rails
77,jquery-rails
39,jquery-ui-rails
2825,sass
131,sass-rails
3054,bootstrap-sass
52,bootbox-rails
37,select2-rails
73,orm_adapter
168,warden
524,journey
2893,devise
2480,simple_form
292,erubis
11,singleton
3002,responders
3203,inherited_resources
5,subexec
568,mini_magick
50,carrierwave
4902,acts-as-taggable-on
52,pg_search
78,whenever
38,acts_as_list
66,default_value_for
59,zentest_mapping
131,inline
412,fuzzystringmatch
1263,state_machine
71,figaro
8290,backports
5,descendants_tracker
9909,virtus
38,request_store
921,draper
217,naught
80,open-uri
165,css_parser
119,htmlentities
508,premailer
1577,nokogiri
800,load_parsers
67609,mail
520,delayed_job
552,delayed_job_active_record
1745,delayed_job_web
129,builder
543,airbrake
650,delayed-plugins-airbrake
311,daemons
368,analytical
815,metric_parser
828,conditional_vendored_metric_parser
63,dependency_detection
76,conditional_vendored_dependency_detection
4147,newrelic_rpm
479,intercom-rails
385,intercom
109,ace-rails-ap
69,active_utils
3128,active_merchant
3144,activemerchant
23,encryptor
125,attr_encryptor
24001,iso4217
5,rubyeventmachine
1,shellwords
30,eventmachine
6,em-hiredis
11,redis
1,base64
6,i18n
5,bigdecimal
9,psych.so
64,psych
2,yaml
3,active_support
2,logger
1,ostruct
37,json
4,erb
2,yajl
1,rack
18,tilt
2,delegate
1,tmpdir
9,tempfile
149,haml
1,thin_parser
8,thin
6,optparse
42,em-websocket
725,fnordmetric
1,action_pack
3,active_model
11,action_dispatch
21,rails
69,arel
111,active_record
2,abstract_controller
2,action_view
12,action_controller
2,action_mailer
3,active_resource
12,pg_ext
17,pg
1,haml-rails
2,jquery-rails
2,jquery-ui-rails
159,sass
2,sass-rails
169,bootstrap-sass
2,bootbox-rails
1,select2-rails
3,orm_adapter
7,warden
30,journey
131,devise
2,multi_json
91,simple_form
13,erubis
1,singleton
130,responders
136,inherited_resources
1,subexec
13,mini_magick
1,carrierwave
143,acts-as-taggable-on
2,pg_search
1,whenever
2,acts_as_list
26,default_value_for
1,zentest_mapping
9,inline
22,fuzzystringmatch
43,state_machine
2,figaro
309,backports
1,descendants_tracker
330,virtus
2,request_store
47,draper
5,naught
4,open-uri
12,css_parser
31,htmlentities
62,premailer
97,nokogiri
106,load_parsers
283,mail
10,delayed_job
43,delayed_job_active_record
5,delayed_job_web
13,builder
33,airbrake
38,delayed-plugins-airbrake
11,daemons
38,analytical
9,metric_parser
13,conditional_vendored_metric_parser
34,dependency_detection
38,conditional_vendored_dependency_detection
188,newrelic_rpm
7,intercom-rails
40,intercom
4,ace-rails-ap
1,active_utils
96,active_merchant
101,activemerchant
2,encryptor
9,attr_encryptor
11,iso4217
119,iso3166
2,country_select
5,biggs
7,charlock_holmes
1,currency_data
7,easy_money
7,oj
58,rabl
22,apipie-rails
51,strong_parameters
1,weakref
3,ref
36,v8
50,execjs
91,coffee_script
96,coffee-script
109,coffee-rails
1,uglifier
25,chunky_png
162,compass
173,compass-rails
499,webrick
1,abbrev
70,highline
265,capistrano
2,parallel
7,parallel_tests
2,sextant
3,prettyprint
10,pp
2,coderay
3,ipaddr
2,debug_inspector.so
7,debug_inspector
13,binding_of_caller
55,better_errors
1,quiet_assets
1,meta_request
46,method_source
6,slop
5,readline
2,ruby_debug.so
1,tracelines19
11,linecache19
25,ruby-debug-base
1,columnize
2,e2mmap
82,irb
204,ruby-debug
211,debugger
434,pry
442,pry-rails
2,pry-debugger
52,coolline
73,pry-coolline
3,pry-stack_explorer
0,rspec-rails
1,find
15,listen
2,terminal-notifier-guard
10,launchy
66,letter_opener
1,English
7,hodel_3000_compliant_logger
17,oink
27,chronic
46,flux_capacitor
83,delorean
6,sprockets
69,tzinfo
1,hike
2,callsite
1,rdoc
3,bcrypt_ext
14,bcrypt
63,csv
3,rubyeventmachine
1,shellwords
22,eventmachine
6,em-hiredis
11,redis
1,base64
4,i18n
2,bigdecimal
2,psych.so
48,psych
2,yaml
3,active_support
2,logger
1,ostruct
14,json
3,erb
2,yajl
1,rack
18,tilt
2,delegate
1,tmpdir
9,tempfile
144,haml
1,thin_parser
8,thin
6,optparse
44,em-websocket
661,fnordmetric
1,action_pack
3,active_model
11,action_dispatch
20,rails
70,arel
114,active_record
2,abstract_controller
2,action_view
13,action_controller
2,action_mailer
3,active_resource
3,pg_ext
7,pg
1,haml-rails
2,jquery-rails
1,jquery-ui-rails
151,sass
2,sass-rails
161,bootstrap-sass
2,bootbox-rails
1,select2-rails
2,orm_adapter
6,warden
30,journey
128,devise
1,multi_json
71,simple_form
12,erubis
1,singleton
131,responders
138,inherited_resources
1,subexec
12,mini_magick
1,carrierwave
142,acts-as-taggable-on
2,pg_search
1,whenever
2,acts_as_list
26,default_value_for
1,zentest_mapping
9,inline
19,fuzzystringmatch
42,state_machine
2,figaro
311,backports
1,descendants_tracker
331,virtus
2,request_store
47,draper
5,naught
4,open-uri
12,css_parser
32,htmlentities
63,premailer
83,nokogiri
103,load_parsers
279,mail
11,delayed_job
43,delayed_job_active_record
5,delayed_job_web
13,builder
32,airbrake
37,delayed-plugins-airbrake
11,daemons
38,analytical
9,metric_parser
13,conditional_vendored_metric_parser
36,dependency_detection
39,conditional_vendored_dependency_detection
188,newrelic_rpm
7,intercom-rails
43,intercom
3,ace-rails-ap
1,active_utils
94,active_merchant
98,activemerchant
2,encryptor
9,attr_encryptor
10,iso4217
115,iso3166
2,country_select
5,biggs
5,charlock_holmes
1,currency_data
7,easy_money
6,oj
57,rabl
22,apipie-rails
50,strong_parameters
1,weakref
3,ref
33,v8
46,execjs
88,coffee_script
93,coffee-script
105,coffee-rails
1,uglifier
24,chunky_png
162,compass
173,compass-rails
98,webrick
1,abbrev
67,highline
262,capistrano
2,parallel
7,parallel_tests
3,sextant
2,prettyprint
8,pp
2,coderay
3,ipaddr
1,debug_inspector.so
6,debug_inspector
13,binding_of_caller
56,better_errors
1,quiet_assets
1,meta_request
44,method_source
5,slop
3,readline
1,ruby_debug.so
1,tracelines19
8,linecache19
19,ruby-debug-base
2,columnize
1,e2mmap
76,irb
188,ruby-debug
194,debugger
412,pry
421,pry-rails
3,pry-debugger
54,coolline
76,pry-coolline
3,pry-stack_explorer
0,rspec-rails
1,find
16,listen
1,terminal-notifier-guard
11,launchy
67,letter_opener
1,English
7,hodel_3000_compliant_logger
18,oink
29,chronic
47,flux_capacitor
86,delorean
6,sprockets
68,tzinfo
1,hike
2,callsite
1,rdoc
1,bcrypt_ext
13,bcrypt
62,csv
3,rubyeventmachine
2,shellwords
29,eventmachine
10,em-hiredis
12,redis
1,base64
5,i18n
2,bigdecimal
2,psych.so
74,psych
3,yaml
6,active_support
2,logger
2,ostruct
26,json
4,erb
2,yajl
1,rack
20,tilt
3,delegate
2,tmpdir
14,tempfile
154,haml
1,thin_parser
8,thin
6,optparse
48,em-websocket
849,fnordmetric
1,action_pack
4,active_model
13,action_dispatch
27,rails
89,arel
133,active_record
3,abstract_controller
2,action_view
14,action_controller
3,action_mailer
5,active_resource
5,pg_ext
12,pg
1,haml-rails
4,jquery-rails
2,jquery-ui-rails
187,sass
3,sass-rails
199,bootstrap-sass
2,bootbox-rails
1,select2-rails
4,orm_adapter
8,warden
31,journey
153,devise
2,multi_json
77,simple_form
14,erubis
1,singleton
152,responders
169,inherited_resources
4,subexec
36,mini_magick
2,carrierwave
164,acts-as-taggable-on
2,pg_search
1,whenever
3,acts_as_list
27,default_value_for
1,zentest_mapping
11,inline
22,fuzzystringmatch
46,state_machine
3,figaro
332,backports
1,descendants_tracker
352,virtus
2,request_store
49,draper
5,naught
4,open-uri
13,css_parser
32,htmlentities
65,premailer
86,nokogiri
75,load_parsers
280,mail
10,delayed_job
47,delayed_job_active_record
6,delayed_job_web
14,builder
37,airbrake
42,delayed-plugins-airbrake
12,daemons
42,analytical
9,metric_parser
14,conditional_vendored_metric_parser
37,dependency_detection
41,conditional_vendored_dependency_detection
199,newrelic_rpm
7,intercom-rails
43,intercom
4,ace-rails-ap
1,active_utils
106,active_merchant
111,activemerchant
3,encryptor
10,attr_encryptor
13,iso4217
121,iso3166
2,country_select
5,biggs
5,charlock_holmes
2,currency_data
8,easy_money
46,oj
60,rabl
26,apipie-rails
54,strong_parameters
1,weakref
3,ref
36,v8
50,execjs
55,coffee_script
60,coffee-script
114,coffee-rails
1,uglifier
63,chunky_png
166,compass
177,compass-rails
97,webrick
1,abbrev
68,highline
269,capistrano
46,parallel
52,parallel_tests
4,sextant
2,prettyprint
9,pp
2,coderay
3,ipaddr
1,debug_inspector.so
7,debug_inspector
13,binding_of_caller
60,better_errors
1,quiet_assets
1,meta_request
2,method_source
4,slop
2,readline
1,ruby_debug.so
1,tracelines19
9,linecache19
20,ruby-debug-base
1,columnize
1,e2mmap
76,irb
190,ruby-debug
196,debugger
409,pry
418,pry-rails
2,pry-debugger
8,coolline
28,pry-coolline
53,pry-stack_explorer
1,rspec-rails
1,find
17,listen
2,terminal-notifier-guard
11,launchy
20,letter_opener
1,English
7,hodel_3000_compliant_logger
17,oink
72,chronic
1,flux_capacitor
83,delorean
6,sprockets
22,tzinfo
1,hike
2,callsite
1,rdoc
1,bcrypt_ext
13,bcrypt
7,csv
3,rubyeventmachine
1,shellwords
23,eventmachine
8,em-hiredis
12,redis
1,base64
4,i18n
2,bigdecimal
2,psych.so
58,psych
2,yaml
4,active_support
3,logger
2,ostruct
21,json
4,erb
2,yajl
1,rack
25,tilt
2,delegate
1,tmpdir
9,tempfile
149,haml
1,thin_parser
8,thin
7,optparse
47,em-websocket
765,fnordmetric
2,action_pack
3,active_model
12,action_dispatch
23,rails
148,arel
251,active_record
6,abstract_controller
5,action_view
34,action_controller
6,action_mailer
11,active_resource
9,pg_ext
20,pg
2,haml-rails
5,jquery-rails
4,jquery-ui-rails
400,sass
6,sass-rails
426,bootstrap-sass
5,bootbox-rails
2,select2-rails
8,orm_adapter
19,warden
82,journey
339,devise
10,multi_json
218,simple_form
49,erubis
2,singleton
325,responders
334,inherited_resources
1,subexec
15,mini_magick
2,carrierwave
159,acts-as-taggable-on
1,pg_search
1,whenever
2,acts_as_list
29,default_value_for
1,zentest_mapping
9,inline
20,fuzzystringmatch
46,state_machine
3,figaro
341,backports
1,descendants_tracker
362,virtus
2,request_store
52,draper
5,naught
4,open-uri
13,css_parser
39,htmlentities
72,premailer
87,nokogiri
104,load_parsers
286,mail
11,delayed_job
52,delayed_job_active_record
11,delayed_job_web
15,builder
35,airbrake
40,delayed-plugins-airbrake
13,daemons
46,analytical
14,metric_parser
19,conditional_vendored_metric_parser
43,dependency_detection
47,conditional_vendored_dependency_detection
217,newrelic_rpm
7,intercom-rails
48,intercom
5,ace-rails-ap
1,active_utils
105,active_merchant
111,activemerchant
3,encryptor
11,attr_encryptor
11,iso4217
129,iso3166
2,country_select
5,biggs
5,charlock_holmes
2,currency_data
9,easy_money
6,oj
62,rabl
25,apipie-rails
53,strong_parameters
1,weakref
3,ref
33,v8
49,execjs
54,coffee_script
59,coffee-script
112,coffee-rails
1,uglifier
25,chunky_png
170,compass
181,compass-rails
102,webrick
1,abbrev
72,highline
280,capistrano
2,parallel
7,parallel_tests
3,sextant
2,prettyprint
10,pp
2,coderay
3,ipaddr
1,debug_inspector.so
5,debug_inspector
11,binding_of_caller
57,better_errors
1,quiet_assets
1,meta_request
2,method_source
4,slop
3,readline
1,ruby_debug.so
1,tracelines19
9,linecache19
20,ruby-debug-base
1,columnize
1,e2mmap
83,irb
199,ruby-debug
205,debugger
427,pry
436,pry-rails
3,pry-debugger
9,coolline
76,pry-coolline
3,pry-stack_explorer
0,rspec-rails
1,find
21,listen
1,terminal-notifier-guard
11,launchy
20,letter_opener
51,English
59,hodel_3000_compliant_logger
70,oink
34,chronic
1,flux_capacitor
47,delorean
6,sprockets
73,tzinfo
1,hike
2,callsite
2,rdoc
2,bcrypt_ext
14,bcrypt
65,csv
3,rubyeventmachine
1,shellwords
23,eventmachine
8,em-hiredis
12,redis
1,base64
6,i18n
1,bigdecimal
3,psych.so
56,psych
2,yaml
4,active_support
2,logger
1,ostruct
17,json
4,erb
2,yajl
1,rack
19,tilt
2,delegate
1,tmpdir
11,tempfile
142,haml
1,thin_parser
8,thin
6,optparse
48,em-websocket
729,fnordmetric
1,action_pack
3,active_model
11,action_dispatch
25,rails
72,arel
117,active_record
2,abstract_controller
2,action_view
13,action_controller
3,action_mailer
3,active_resource
3,pg_ext
8,pg
1,haml-rails
2,jquery-rails
1,jquery-ui-rails
161,sass
3,sass-rails
172,bootstrap-sass
2,bootbox-rails
1,select2-rails
3,orm_adapter
6,warden
31,journey
134,devise
2,multi_json
71,simple_form
12,erubis
1,singleton
110,responders
138,inherited_resources
1,subexec
12,mini_magick
1,carrierwave
143,acts-as-taggable-on
1,pg_search
1,whenever
4,acts_as_list
2,default_value_for
1,zentest_mapping
8,inline
49,fuzzystringmatch
46,state_machine
3,figaro
318,backports
1,descendants_tracker
340,virtus
2,request_store
50,draper
5,naught
4,open-uri
14,css_parser
5,htmlentities
72,premailer
96,nokogiri
75,load_parsers
284,mail
10,delayed_job
45,delayed_job_active_record
6,delayed_job_web
12,builder
31,airbrake
36,delayed-plugins-airbrake
11,daemons
38,analytical
10,metric_parser
14,conditional_vendored_metric_parser
37,dependency_detection
41,conditional_vendored_dependency_detection
193,newrelic_rpm
7,intercom-rails
7,intercom
36,ace-rails-ap
1,active_utils
98,active_merchant
103,activemerchant
2,encryptor
9,attr_encryptor
11,iso4217
122,iso3166
2,country_select
5,biggs
4,charlock_holmes
1,currency_data
7,easy_money
47,oj
62,rabl
23,apipie-rails
50,strong_parameters
1,weakref
3,ref
34,v8
49,execjs
55,coffee_script
59,coffee-script
108,coffee-rails
1,uglifier
64,chunky_png
167,compass
180,compass-rails
105,webrick
1,abbrev
83,highline
311,capistrano
2,parallel
48,parallel_tests
3,sextant
2,prettyprint
8,pp
2,coderay
3,ipaddr
1,debug_inspector.so
5,debug_inspector
11,binding_of_caller
52,better_errors
1,quiet_assets
1,meta_request
2,method_source
49,slop
3,readline
1,ruby_debug.so
1,tracelines19
8,linecache19
19,ruby-debug-base
1,columnize
1,e2mmap
79,irb
193,ruby-debug
199,debugger
418,pry
426,pry-rails
2,pry-debugger
9,coolline
83,pry-coolline
5,pry-stack_explorer
0,rspec-rails
1,find
15,listen
2,terminal-notifier-guard
11,launchy
19,letter_opener
1,English
7,hodel_3000_compliant_logger
63,oink
29,chronic
1,flux_capacitor
40,delorean
6,sprockets
66,tzinfo
1,hike
2,callsite
1,rdoc
1,bcrypt_ext
15,bcrypt
8,csv
5,rubyeventmachine
1,shellwords
27,eventmachine
7,em-hiredis
11,redis
1,base64
5,i18n
2,bigdecimal
2,psych.so
52,psych
2,yaml
3,active_support
2,logger
1,ostruct
16,json
4,erb
2,yajl
1,rack
20,tilt
2,delegate
1,tmpdir
9,tempfile
162,haml
1,thin_parser
8,thin
6,optparse
49,em-websocket
738,fnordmetric
2,action_pack
3,active_model
12,action_dispatch
24,rails
78,arel
125,active_record
2,abstract_controller
2,action_view
13,action_controller
2,action_mailer
3,active_resource
3,pg_ext
8,pg
1,haml-rails
2,jquery-rails
2,jquery-ui-rails
180,sass
3,sass-rails
192,bootstrap-sass
2,bootbox-rails
1,select2-rails
3,orm_adapter
6,warden
32,journey
143,devise
2,multi_json
75,simple_form
13,erubis
1,singleton
136,responders
143,inherited_resources
1,subexec
13,mini_magick
1,carrierwave
149,acts-as-taggable-on
2,pg_search
1,whenever
2,acts_as_list
27,default_value_for
1,zentest_mapping
10,inline
21,fuzzystringmatch
45,state_machine
2,figaro
326,backports
1,descendants_tracker
347,virtus
2,request_store
51,draper
5,naught
4,open-uri
13,css_parser
37,htmlentities
71,premailer
88,nokogiri
104,load_parsers
279,mail
11,delayed_job
45,delayed_job_active_record
6,delayed_job_web
13,builder
32,airbrake
37,delayed-plugins-airbrake
12,daemons
40,analytical
10,metric_parser
14,conditional_vendored_metric_parser
35,dependency_detection
40,conditional_vendored_dependency_detection
194,newrelic_rpm
7,intercom-rails
43,intercom
4,ace-rails-ap
1,active_utils
104,active_merchant
108,activemerchant
2,encryptor
11,attr_encryptor
11,iso4217
128,iso3166
2,country_select
5,biggs
4,charlock_holmes
1,currency_data
10,easy_money
6,oj
62,rabl
26,apipie-rails
51,strong_parameters
1,weakref
3,ref
38,v8
51,execjs
95,coffee_script
99,coffee-script
112,coffee-rails
1,uglifier
24,chunky_png
166,compass
177,compass-rails
98,webrick
1,abbrev
69,highline
277,capistrano
2,parallel
7,parallel_tests
2,sextant
2,prettyprint
8,pp
2,coderay
3,ipaddr
1,debug_inspector.so
5,debug_inspector
11,binding_of_caller
54,better_errors
1,quiet_assets
1,meta_request
49,method_source
5,slop
3,readline
1,ruby_debug.so
1,tracelines19
8,linecache19
19,ruby-debug-base
1,columnize
1,e2mmap
85,irb
206,ruby-debug
213,debugger
440,pry
450,pry-rails
3,pry-debugger
56,coolline
78,pry-coolline
3,pry-stack_explorer
0,rspec-rails
1,find
16,listen
2,terminal-notifier-guard
15,launchy
86,letter_opener
1,English
9,hodel_3000_compliant_logger
20,oink
28,chronic
49,flux_capacitor
89,delorean
7,sprockets
72,tzinfo
1,hike
2,callsite
1,rdoc
2,bcrypt_ext
14,bcrypt
66,csv
3,rubyeventmachine
1,shellwords
26,eventmachine
11,em-hiredis
19,redis
1,base64
4,i18n
3,bigdecimal
4,psych.so
61,psych
2,yaml
4,active_support
2,logger
1,ostruct
15,json
4,erb
2,yajl
1,rack
23,tilt
2,delegate
1,tmpdir
11,tempfile
145,haml
1,thin_parser
8,thin
6,optparse
45,em-websocket
765,fnordmetric
2,action_pack
3,active_model
12,action_dispatch
23,rails
72,arel
120,active_record
2,abstract_controller
2,action_view
13,action_controller
2,action_mailer
3,active_resource
3,pg_ext
7,pg
1,haml-rails
2,jquery-rails
1,jquery-ui-rails
161,sass
3,sass-rails
174,bootstrap-sass
2,bootbox-rails
1,select2-rails
3,orm_adapter
7,warden
29,journey
141,devise
2,multi_json
75,simple_form
15,erubis
1,singleton
149,responders
156,inherited_resources
1,subexec
12,mini_magick
1,carrierwave
187,acts-as-taggable-on
2,pg_search
1,whenever
3,acts_as_list
29,default_value_for
1,zentest_mapping
12,inline
24,fuzzystringmatch
53,state_machine
6,figaro
861,backports
2,descendants_tracker
919,virtus
5,request_store
115,draper
16,naught
12,open-uri
37,css_parser
73,htmlentities
168,premailer
223,nokogiri
112,load_parsers
409,mail
12,delayed_job
47,delayed_job_active_record
6,delayed_job_web
16,builder
39,airbrake
47,delayed-plugins-airbrake
14,daemons
43,analytical
10,metric_parser
14,conditional_vendored_metric_parser
40,dependency_detection
46,conditional_vendored_dependency_detection
210,newrelic_rpm
7,intercom-rails
43,intercom
4,ace-rails-ap
1,active_utils
108,active_merchant
113,activemerchant
2,encryptor
10,attr_encryptor
15,iso4217
128,iso3166
2,country_select
5,biggs
5,charlock_holmes
2,currency_data
8,easy_money
6,oj
61,rabl
25,apipie-rails
59,strong_parameters
1,weakref
3,ref
38,v8
52,execjs
58,coffee_script
64,coffee-script
115,coffee-rails
1,uglifier
26,chunky_png
172,compass
183,compass-rails
99,webrick
1,abbrev
74,highline
275,capistrano
2,parallel
7,parallel_tests
3,sextant
2,prettyprint
11,pp
2,coderay
4,ipaddr
1,debug_inspector.so
6,debug_inspector
13,binding_of_caller
63,better_errors
1,quiet_assets
1,meta_request
2,method_source
48,slop
4,readline
1,ruby_debug.so
1,tracelines19
8,linecache19
19,ruby-debug-base
2,columnize
1,e2mmap
82,irb
199,ruby-debug
205,debugger
428,pry
438,pry-rails
3,pry-debugger
13,coolline
88,pry-coolline
3,pry-stack_explorer
0,rspec-rails
1,find
16,listen
2,terminal-notifier-guard
11,launchy
20,letter_opener
1,English
8,hodel_3000_compliant_logger
71,oink
32,chronic
1,flux_capacitor
45,delorean
6,sprockets
72,tzinfo
2,hike
5,callsite
3,rdoc
4,bcrypt_ext
34,bcrypt
68,csv
8,rubyeventmachine
4,shellwords
64,eventmachine
16,em-hiredis
23,redis
2,base64
7,i18n
3,bigdecimal
3,psych.so
68,psych
3,yaml
8,active_support
2,logger
3,ostruct
21,json
4,erb
3,yajl
2,rack
25,tilt
3,delegate
2,tmpdir
14,tempfile
160,haml
3,thin_parser
11,thin
7,optparse
56,em-websocket
924,fnordmetric
2,action_pack
7,active_model
17,action_dispatch
28,rails
82,arel
132,active_record
2,abstract_controller
2,action_view
15,action_controller
2,action_mailer
3,active_resource
11,pg_ext
15,pg
1,haml-rails
2,jquery-rails
2,jquery-ui-rails
171,sass
4,sass-rails
185,bootstrap-sass
2,bootbox-rails
1,select2-rails
3,orm_adapter
7,warden
34,journey
154,devise
2,multi_json
81,simple_form
16,erubis
1,singleton
151,responders
158,inherited_resources
1,subexec
13,mini_magick
1,carrierwave
166,acts-as-taggable-on
2,pg_search
1,whenever
3,acts_as_list
31,default_value_for
2,zentest_mapping
11,inline
24,fuzzystringmatch
49,state_machine
2,figaro
370,backports
1,descendants_tracker
397,virtus
2,request_store
61,draper
6,naught
4,open-uri
17,css_parser
37,htmlentities
74,premailer
96,nokogiri
83,load_parsers
324,mail
16,delayed_job
50,delayed_job_active_record
6,delayed_job_web
17,builder
41,airbrake
46,delayed-plugins-airbrake
20,daemons
47,analytical
10,metric_parser
14,conditional_vendored_metric_parser
40,dependency_detection
45,conditional_vendored_dependency_detection
267,newrelic_rpm
21,intercom-rails
96,intercom
11,ace-rails-ap
2,active_utils
292,active_merchant
305,activemerchant
9,encryptor
32,attr_encryptor
36,iso4217
349,iso3166
6,country_select
25,biggs
18,charlock_holmes
4,currency_data
22,easy_money
96,oj
136,rabl
75,apipie-rails
138,strong_parameters
3,weakref
9,ref
97,v8
139,execjs
154,coffee_script
166,coffee-script
276,coffee-rails
2,uglifier
160,chunky_png
458,compass
496,compass-rails
1158,webrick
1,abbrev
76,highline
305,capistrano
52,parallel
58,parallel_tests
4,sextant
2,prettyprint
14,pp
2,coderay
3,ipaddr
1,debug_inspector.so
8,debug_inspector
15,binding_of_caller
69,better_errors
1,quiet_assets
1,meta_request
2,method_source
4,slop
52,readline
1,ruby_debug.so
1,tracelines19
10,linecache19
22,ruby-debug-base
3,columnize
1,e2mmap
87,irb
218,ruby-debug
225,debugger
473,pry
486,pry-rails
3,pry-debugger
9,coolline
33,pry-coolline
55,pry-stack_explorer
1,rspec-rails
1,find
20,listen
2,terminal-notifier-guard
14,launchy
24,letter_opener
1,English
7,hodel_3000_compliant_logger
20,oink
82,chronic
1,flux_capacitor
93,delorean
9,sprockets
23,tzinfo
2,hike
2,callsite
2,rdoc
2,bcrypt_ext
14,bcrypt
9,csv
3,rubyeventmachine
2,shellwords
32,eventmachine
8,em-hiredis
15,redis
1,base64
8,i18n
4,bigdecimal
2,psych.so
71,psych
2,yaml
6,active_support
2,logger
1,ostruct
21,json
5,erb
3,yajl
2,rack
22,tilt
2,delegate
2,tmpdir
12,tempfile
174,haml
2,thin_parser
12,thin
8,optparse
56,em-websocket
917,fnordmetric
2,e2mmap
6,readline
48,irb
2,action_pack
3,active_model
14,action_dispatch
69,rails
94,arel
126,active_record
2,abstract_controller
2,action_view
36,action_controller
3,action_mailer
4,active_resource
5,pg_ext
12,pg
1,haml-rails
2,jquery-rails
2,jquery-ui-rails
171,sass
2,sass-rails
182,bootstrap-sass
2,bootbox-rails
1,select2-rails
3,orm_adapter
13,warden
67,journey
178,devise
1,multi_json
116,simple_form
25,erubis
1,singleton
142,responders
149,inherited_resources
1,subexec
12,mini_magick
2,carrierwave
221,acts-as-taggable-on
2,pg_search
1,whenever
4,acts_as_list
5,default_value_for
2,zentest_mapping
13,inline
28,fuzzystringmatch
58,state_machine
2,figaro
390,backports
1,descendants_tracker
443,virtus
2,request_store
58,draper
7,naught
5,open-uri
15,css_parser
5,htmlentities
44,premailer
127,nokogiri
76,load_parsers
268,mail
12,delayed_job
24,delayed_job_active_record
5,delayed_job_web
9,builder
70,airbrake
79,delayed-plugins-airbrake
15,daemons
45,analytical
14,metric_parser
18,conditional_vendored_metric_parser
4,dependency_detection
9,conditional_vendored_dependency_detection
237,newrelic_rpm
17,intercom-rails
15,intercom
4,ace-rails-ap
1,active_utils
151,active_merchant
156,activemerchant
3,encryptor
11,attr_encryptor
13,iso4217
134,iso3166
2,country_select
6,biggs
13,charlock_holmes
1,currency_data
9,easy_money
11,oj
29,rabl
69,apipie-rails
13,strong_parameters
1,weakref
5,ref
50,v8
110,execjs
117,coffee_script
125,coffee-script
142,coffee-rails
1,uglifier
69,chunky_png
226,compass
238,compass-rails
110,webrick
1,abbrev
82,highline
308,capistrano
2,parallel
12,parallel_tests
52,sextant
3,prettyprint
12,pp
3,coderay
5,ipaddr
2,debug_inspector.so
8,debug_inspector
17,binding_of_caller
76,better_errors
1,quiet_assets
1,meta_request
2,columnize
2,method_source
4,slop
180,pry
2,tracer
1,tracelines19
10,linecache19
369,byebug
7,pry-byebug
4,pry-rails
1,rspec-rails
2,find
20,listen
2,terminal-notifier-guard
12,launchy
72,letter_opener
2,English
12,hodel_3000_compliant_logger
25,oink
81,chronic
1,flux_capacitor
94,delorean
6,sprockets
76,tzinfo
1,hike
2,callsite
2,rdoc
3,bcrypt_ext
14,bcrypt
8,csv
3,rubyeventmachine
2,shellwords
33,eventmachine
6,em-hiredis
27,redis
2,base64
6,i18n
2,bigdecimal
2,psych.so
57,psych
2,yaml
4,active_support
2,logger
2,ostruct
19,json
5,erb
17,yajl
1,rack
21,tilt
4,delegate
2,tmpdir
16,tempfile
166,haml
1,thin_parser
8,thin
8,optparse
51,em-websocket
842,fnordmetric
1,e2mmap
3,readline
40,irb
2,action_pack
3,active_model
14,action_dispatch
61,rails
86,arel
114,active_record
3,abstract_controller
2,action_view
36,action_controller
2,action_mailer
4,active_resource
4,pg_ext
10,pg
1,haml-rails
2,jquery-rails
2,jquery-ui-rails
164,sass
3,sass-rails
178,bootstrap-sass
2,bootbox-rails
1,select2-rails
4,orm_adapter
7,warden
61,journey
160,devise
1,multi_json
107,simple_form
17,erubis
1,singleton
133,responders
139,inherited_resources
1,subexec
12,mini_magick
31,carrierwave
164,acts-as-taggable-on
2,pg_search
1,whenever
2,acts_as_list
2,default_value_for
2,zentest_mapping
12,inline
53,fuzzystringmatch
27,state_machine
3,figaro
375,backports
1,descendants_tracker
432,virtus
2,request_store
24,draper
38,naught
6,open-uri
15,css_parser
5,htmlentities
43,premailer
130,nokogiri
112,load_parsers
290,mail
11,delayed_job
30,delayed_job_active_record
7,delayed_job_web
50,builder
75,airbrake
81,delayed-plugins-airbrake
17,daemons
8,analytical
45,metric_parser
50,conditional_vendored_metric_parser
3,dependency_detection
7,conditional_vendored_dependency_detection
251,newrelic_rpm
9,intercom-rails
7,intercom
3,ace-rails-ap
1,active_utils
106,active_merchant
111,activemerchant
2,encryptor
50,attr_encryptor
13,iso4217
104,iso3166
4,country_select
16,biggs
14,charlock_holmes
3,currency_data
20,easy_money
18,oj
57,rabl
149,apipie-rails
44,strong_parameters
3,weakref
87,ref
176,v8
213,execjs
227,coffee_script
243,coffee-script
287,coffee-rails
2,uglifier
156,chunky_png
443,compass
562,compass-rails
140,webrick
1,abbrev
37,highline
467,capistrano
2,parallel
9,parallel_tests
3,sextant
2,prettyprint
11,pp
2,coderay
4,ipaddr
1,debug_inspector.so
8,debug_inspector
15,binding_of_caller
118,better_errors
1,quiet_assets
1,meta_request
2,columnize
2,method_source
4,slop
240,pry
2,tracer
1,tracelines19
11,linecache19
324,byebug
57,pry-byebug
5,pry-rails
16,coolline
40,pry-coolline
1,rspec-rails
2,find
22,listen
2,terminal-notifier-guard
66,launchy
76,letter_opener
1,English
9,hodel_3000_compliant_logger
19,oink
92,chronic
1,flux_capacitor
103,delorean
9,sprockets
81,tzinfo
1,hike
2,callsite
1,rdoc
2,bcrypt_ext
17,bcrypt
9,csv
3,rubyeventmachine
1,shellwords
24,eventmachine
7,em-hiredis
15,redis
1,base64
5,i18n
1,bigdecimal
2,psych.so
49,psych
2,yaml
3,active_support
2,logger
1,ostruct
17,json
4,erb
2,yajl
1,rack
21,tilt
2,delegate
1,tmpdir
11,tempfile
145,haml
1,thin_parser
8,thin
6,optparse
50,em-websocket
704,fnordmetric
1,action_pack
3,active_model
11,action_dispatch
25,rails
72,arel
116,active_record
2,abstract_controller
2,action_view
12,action_controller
2,action_mailer
3,active_resource
3,pg_ext
9,pg
1,haml-rails
3,jquery-rails
2,jquery-ui-rails
163,sass
3,sass-rails
174,bootstrap-sass
2,bootbox-rails
1,select2-rails
3,orm_adapter
7,warden
43,journey
151,devise
2,multi_json
73,simple_form
13,erubis
1,singleton
137,responders
143,inherited_resources
2,subexec
12,mini_magick
3,carrierwave
149,acts-as-taggable-on
3,pg_search
2,whenever
28,acts_as_list
3,default_value_for
1,zentest_mapping
10,inline
22,fuzzystringmatch
45,state_machine
3,figaro
312,backports
1,descendants_tracker
333,virtus
28,request_store
51,draper
5,naught
5,open-uri
14,css_parser
34,htmlentities
68,premailer
87,nokogiri
103,load_parsers
279,mail
10,delayed_job
47,delayed_job_active_record
6,delayed_job_web
15,builder
35,airbrake
40,delayed-plugins-airbrake
45,daemons
11,analytical
42,metric_parser
46,conditional_vendored_metric_parser
3,dependency_detection
7,conditional_vendored_dependency_detection
193,newrelic_rpm
14,intercom-rails
44,intercom
3,ace-rails-ap
1,active_utils
100,active_merchant
106,activemerchant
4,encryptor
12,attr_encryptor
11,iso4217
120,iso3166
3,country_select
6,biggs
7,charlock_holmes
1,currency_data
7,easy_money
7,oj
61,rabl
25,apipie-rails
51,strong_parameters
1,weakref
3,ref
74,v8
87,execjs
93,coffee_script
98,coffee-script
111,coffee-rails
1,uglifier
30,chunky_png
177,compass
189,compass-rails
98,webrick
1,abbrev
68,highline
271,capistrano
2,parallel
7,parallel_tests
5,sextant
2,prettyprint
10,pp
2,coderay
3,ipaddr
1,debug_inspector.so
5,debug_inspector
12,binding_of_caller
57,better_errors
2,quiet_assets
2,meta_request
3,readline
2,columnize
1,e2mmap
78,irb
3,method_source
4,slop
163,pry
1,tracer
1,tracelines19
10,linecache19
411,byebug
6,pry-byebug
5,pry-rails
7,coolline
75,pry-coolline
5,pry-stack_explorer
1,rspec-rails
2,find
19,listen
1,terminal-notifier-guard
10,launchy
19,letter_opener
1,English
7,hodel_3000_compliant_logger
64,oink
32,chronic
1,flux_capacitor
44,delorean
6,sprockets
69,tzinfo
1,hike
3,callsite
3,rdoc
1,bcrypt_ext
13,bcrypt
62,csv
